epoch,accuracy,learning_rate,loss,val_accuracy,val_loss
0,0.7098214030265808,9.999999747378752e-06,0.7313818335533142,0.7232142686843872,0.6714234352111816
1,0.7276785969734192,9.999999747378752e-06,0.6881417036056519,0.6964285969734192,0.6516879200935364
2,0.7098214030265808,9.999999747378752e-06,0.7020179033279419,0.7321428656578064,0.6467003226280212
3,0.7321428656578064,9.999999747378752e-06,0.706490159034729,0.7410714030265808,0.6412503123283386
4,0.7287946343421936,9.999999747378752e-06,0.6965707540512085,0.7321428656578064,0.6332020163536072
5,0.7410714030265808,9.999999747378752e-06,0.6506623029708862,0.7321428656578064,0.6200696229934692
6,0.7321428656578064,9.999999747378752e-06,0.6683090329170227,0.7410714030265808,0.5996586680412292
7,0.7756696343421936,9.999999747378752e-06,0.5904844999313354,0.75,0.6068803071975708
8,0.7555803656578064,9.999999747378752e-06,0.6513859033584595,0.7589285969734192,0.6090653538703918
9,0.75,9.999999747378752e-06,0.6272369027137756,0.7589285969734192,0.5966393351554871
10,0.7433035969734192,9.999999747378752e-06,0.6231599450111389,0.75,0.5903475880622864
11,0.7745535969734192,9.999999747378752e-06,0.5878090858459473,0.7321428656578064,0.5896998643875122
12,0.7734375,9.999999747378752e-06,0.5873392224311829,0.7589285969734192,0.5855769515037537
13,0.7645089030265808,9.999999747378752e-06,0.6071012616157532,0.7321428656578064,0.6067131161689758
14,0.7578125,9.999999747378752e-06,0.6090302467346191,0.7678571343421936,0.5971967577934265
15,0.7589285969734192,9.999999747378752e-06,0.5843669176101685,0.7589285969734192,0.6051292419433594
16,0.7633928656578064,4.999999873689376e-06,0.5528073310852051,0.75,0.5935918092727661
17,0.7790178656578064,4.999999873689376e-06,0.5780917406082153,0.7678571343421936,0.5756973624229431
18,0.7756696343421936,4.999999873689376e-06,0.5611500144004822,0.7678571343421936,0.5669324398040771
19,0.7845982313156128,4.999999873689376e-06,0.5568645596504211,0.7678571343421936,0.5816356539726257
